epoch,lr,train_loss,train_iou,train_f1,train_oa,val_loss,val_iou,val_f1,val_oa
1,0.000011,1.7108,0.4422,0.6132,0.9595,0.8438,0.6480,0.7864,0.9822
2,0.000016,1.3469,0.6406,0.7809,0.9800,0.7425,0.6962,0.8209,0.9838
3,0.000020,1.2657,0.6971,0.8215,0.9837,0.7130,0.7533,0.8593,0.9879
4,0.000025,1.2315,0.7293,0.8434,0.9858,0.7007,0.7678,0.8686,0.9890
5,0.000030,1.2098,0.7436,0.8530,0.9866,0.7169,0.7386,0.8496,0.9883
6,0.000030,1.1980,0.7545,0.8601,0.9872,0.6954,0.7849,0.8795,0.9900
7,0.000030,1.1881,0.7662,0.8676,0.9879,0.6982,0.7836,0.8787,0.9899
8,0.000030,1.1775,0.7741,0.8727,0.9884,0.6859,0.7970,0.8870,0.9905
9,0.000030,1.1697,0.7817,0.8774,0.9889,0.6951,0.7949,0.8858,0.9905
10,0.000030,1.1651,0.7903,0.8829,0.9893,0.6785,0.8035,0.8910,0.9910
11,0.000030,1.1600,0.7919,0.8839,0.9894,0.6850,0.7961,0.8865,0.9906
12,0.000030,1.1550,0.7986,0.8880,0.9898,0.6831,0.7970,0.8870,0.9904
13,0.000029,1.1530,0.8014,0.8897,0.9899,0.6846,0.8078,0.8937,0.9912
14,0.000029,1.1507,0.8039,0.8913,0.9901,0.6824,0.8039,0.8913,0.9906
15,0.000029,1.0994,0.8064,0.8928,0.9902,0.6807,0.8079,0.8937,0.9910
16,0.000029,0.9894,0.8067,0.8930,0.9903,0.6780,0.8091,0.8945,0.9911
17,0.000029,0.9714,0.8056,0.8923,0.9902,0.6762,0.8162,0.8988,0.9916
18,0.000029,0.9550,0.8102,0.8951,0.9904,0.6747,0.8191,0.9005,0.9917
19,0.000028,0.9442,0.8135,0.8972,0.9906,0.6795,0.8043,0.8916,0.9907
20,0.000028,0.9417,0.8123,0.8964,0.9905,0.6803,0.8186,0.9002,0.9917
21,0.000028,0.9410,0.8149,0.8980,0.9907,0.6742,0.8213,0.9019,0.9919
22,0.000028,0.9335,0.8157,0.8985,0.9907,0.6862,0.8132,0.8970,0.9915
23,0.000028,0.9309,0.8181,0.9000,0.9909,0.6714,0.8235,0.9032,0.9918
24,0.000027,0.9245,0.8202,0.9012,0.9910,0.6738,0.8201,0.9011,0.9919
25,0.000027,0.9256,0.8207,0.9015,0.9910,0.6775,0.8176,0.8997,0.9915
26,0.000027,0.9201,0.8247,0.9039,0.9912,0.6780,0.8158,0.8986,0.9917
27,0.000026,0.9215,0.8249,0.9041,0.9911,0.6735,0.8148,0.8980,0.9913
28,0.000026,0.9153,0.8268,0.9052,0.9914,0.6751,0.8258,0.9046,0.9920
29,0.000026,0.9073,0.8294,0.9067,0.9915,0.6680,0.8284,0.9062,0.9921
30,0.000025,0.9106,0.8301,0.9072,0.9915,0.6747,0.8217,0.9021,0.9919
31,0.000025,0.9098,0.8306,0.9075,0.9915,0.6738,0.8251,0.9042,0.9919
32,0.000025,0.9087,0.8301,0.9072,0.9915,0.6773,0.8146,0.8978,0.9912
33,0.000024,0.9081,0.8330,0.9089,0.9917,0.6739,0.8234,0.9032,0.9918
34,0.000024,0.9025,0.8351,0.9102,0.9917,0.6738,0.8273,0.9055,0.9921
35,0.000023,0.9052,0.8350,0.9101,0.9918,0.6726,0.8265,0.9050,0.9920
36,0.000023,0.9013,0.8331,0.9090,0.9917,0.6681,0.8266,0.9051,0.9921
37,0.000023,0.9054,0.8337,0.9093,0.9918,0.6701,0.8289,0.9065,0.9921
38,0.000022,0.9003,0.8377,0.9117,0.9919,0.6672,0.8296,0.9069,0.9921
39,0.000022,0.8933,0.8392,0.9126,0.9920,0.6731,0.8316,0.9080,0.9923
40,0.000021,0.6165,0.8363,0.9109,0.9919,0.1543,0.8314,0.9079,0.9923
41,0.000021,0.4199,0.8332,0.9090,0.9916,0.1363,0.8338,0.9094,0.9925
42,0.000020,0.3578,0.8353,0.9103,0.9918,0.1382,0.8281,0.9060,0.9921
43,0.000020,0.3323,0.8371,0.9113,0.9919,0.1372,0.8274,0.9056,0.9921
44,0.000020,0.3105,0.8410,0.9136,0.9921,0.1435,0.8262,0.9048,0.9920
45,0.000019,0.2973,0.8373,0.9115,0.9920,0.1388,0.8309,0.9076,0.9923
46,0.000019,0.2984,0.8383,0.9121,0.9920,0.1397,0.8288,0.9064,0.9921
47,0.000018,0.2749,0.8420,0.9142,0.9922,0.1384,0.8267,0.9051,0.9919
48,0.000018,0.2765,0.8411,0.9137,0.9921,0.1336,0.8306,0.9075,0.9924
49,0.000017,0.2694,0.8410,0.9136,0.9922,0.1412,0.8286,0.9063,0.9921
50,0.000017,0.2642,0.8422,0.9143,0.9922,0.1347,0.8282,0.9061,0.9922
51,0.000016,0.2578,0.8432,0.9150,0.9922,0.1255,0.8332,0.9090,0.9924
52,0.000016,0.2602,0.8437,0.9152,0.9923,0.1249,0.8343,0.9097,0.9926
53,0.000015,0.2612,0.8422,0.9143,0.9922,0.1325,0.8296,0.9069,0.9922
54,0.000015,0.2572,0.8442,0.9155,0.9923,0.1342,0.8292,0.9067,0.9923
55,0.000014,0.2610,0.8454,0.9162,0.9924,0.1325,0.8335,0.9092,0.9924
56,0.000014,0.2550,0.8463,0.9168,0.9924,0.1338,0.8301,0.9072,0.9924
57,0.000013,0.2483,0.8474,0.9174,0.9925,0.1302,0.8329,0.9088,0.9924
58,0.000013,0.2478,0.8467,0.9170,0.9923,0.1289,0.8324,0.9086,0.9924
59,0.000012,0.2417,0.8490,0.9183,0.9926,0.1330,0.8311,0.9078,0.9923
60,0.000012,0.2374,0.8476,0.9175,0.9925,0.1296,0.8370,0.9113,0.9927
61,0.000011,0.2352,0.8494,0.9186,0.9926,0.1317,0.8339,0.9094,0.9924
62,0.000011,0.2469,0.8462,0.9167,0.9924,0.1297,0.8347,0.9099,0.9925
63,0.000011,0.2379,0.8474,0.9174,0.9925,0.1324,0.8353,0.9103,0.9924
64,0.000010,0.2310,0.8515,0.9198,0.9926,0.1253,0.8358,0.9105,0.9926
65,0.000010,0.2318,0.8518,0.9200,0.9927,0.1269,0.8378,0.9118,0.9926
66,0.000009,0.2370,0.8508,0.9194,0.9927,0.1272,0.8353,0.9103,0.9925
67,0.000009,0.2342,0.8506,0.9193,0.9926,0.1305,0.8347,0.9099,0.9925
68,0.000008,0.2239,0.8529,0.9206,0.9928,0.1244,0.8375,0.9116,0.9926
69,0.000008,0.2261,0.8537,0.9211,0.9928,0.1271,0.8352,0.9102,0.9926
70,0.000008,0.2263,0.8545,0.9215,0.9929,0.1273,0.8365,0.9110,0.9926
71,0.000007,0.2179,0.8536,0.9210,0.9927,0.1239,0.8380,0.9119,0.9926
72,0.000007,0.2179,0.8545,0.9215,0.9928,0.1256,0.8370,0.9112,0.9925
73,0.000006,0.2147,0.8555,0.9221,0.9929,0.1211,0.8368,0.9112,0.9926
74,0.000006,0.2234,0.8552,0.9219,0.9928,0.1218,0.8394,0.9127,0.9927
75,0.000006,0.2224,0.8539,0.9212,0.9928,0.1281,0.8369,0.9112,0.9926
76,0.000005,0.2227,0.8527,0.9205,0.9927,0.1265,0.8382,0.9120,0.9926
77,0.000005,0.2215,0.8558,0.9223,0.9929,0.1201,0.8391,0.9125,0.9927
78,0.000005,0.2170,0.8552,0.9219,0.9929,0.1225,0.8366,0.9110,0.9925
79,0.000004,0.2257,0.8547,0.9216,0.9928,0.1250,0.8378,0.9118,0.9927
80,0.000004,0.2173,0.8561,0.9225,0.9929,0.1252,0.8385,0.9122,0.9927
81,0.000004,0.2157,0.8566,0.9228,0.9929,0.1304,0.8359,0.9106,0.9925
82,0.000003,0.2138,0.8550,0.9218,0.9929,0.1256,0.8384,0.9121,0.9927
83,0.000003,0.2184,0.8552,0.9220,0.9929,0.1219,0.8373,0.9115,0.9926
84,0.000003,0.2129,0.8546,0.9216,0.9929,0.1294,0.8383,0.9121,0.9927
85,0.000003,0.2097,0.8560,0.9224,0.9929,0.1265,0.8368,0.9111,0.9926
86,0.000003,0.2123,0.8585,0.9239,0.9930,0.1262,0.8372,0.9114,0.9926
87,0.000002,0.2104,0.8573,0.9232,0.9931,0.1299,0.8376,0.9116,0.9926
88,0.000002,0.2105,0.8583,0.9238,0.9931,0.1301,0.8373,0.9114,0.9926
89,0.000002,0.2067,0.8575,0.9233,0.9930,0.1260,0.8383,0.9120,0.9927
90,0.000002,0.2167,0.8562,0.9226,0.9929,0.1278,0.8370,0.9113,0.9926
91,0.000002,0.2111,0.8569,0.9230,0.9930,0.1287,0.8369,0.9112,0.9926
92,0.000002,0.2091,0.8575,0.9233,0.9930,0.1290,0.8375,0.9115,0.9926
93,0.000001,0.2078,0.8582,0.9237,0.9930,0.1271,0.8381,0.9119,0.9927
94,0.000001,0.2128,0.8577,0.9234,0.9930,0.1256,0.8377,0.9117,0.9926
95,0.000001,0.2040,0.8585,0.9238,0.9930,0.1272,0.8382,0.9120,0.9927
96,0.000001,0.2053,0.8583,0.9238,0.9931,0.1317,0.8365,0.9110,0.9926
97,0.000001,0.2066,0.8584,0.9238,0.9930,0.1280,0.8377,0.9117,0.9926
98,0.000001,0.2067,0.8583,0.9238,0.9930,0.1307,0.8371,0.9113,0.9926
99,0.000001,0.2133,0.8568,0.9229,0.9929,0.1285,0.8370,0.9113,0.9926
100,0.000001,0.2067,0.8591,0.9242,0.9930,0.1287,0.8381,0.9119,0.9927
